content_id,content_title,content_kind,topic,url
CT0001,Asset 0001,ebook,Edge AI,https://example.com/asset-0001
CT0002,Asset 0002,webpage,SaaS Ops,https://example.com/asset-0002
CT0003,Asset 0003,webpage,Zero Trust,https://example.com/asset-0003
CT0004,Asset 0004,ebook,DevSecOps,https://example.com/asset-0004
CT0005,Asset 0005,case_study,Data Security,https://example.com/asset-0005
CT0006,Asset 0006,email_template,MLOps,https://example.com/asset-0006
CT0007,Asset 0007,landing_page,Zero Trust,https://example.com/asset-0007
CT0008,Asset 0008,datasheet,Observability,https://example.com/asset-0008
CT0009,Asset 0009,landing_page,IoT Security,https://example.com/asset-0009
CT0010,Asset 0010,landing_page,SaaS Ops,https://example.com/asset-0010
CT0011,Asset 0011,video,Data Security,https://example.com/asset-0011
CT0012,Asset 0012,blog,Backup,https://example.com/asset-0012
CT0013,Asset 0013,video,Backup,https://example.com/asset-0013
CT0014,Asset 0014,case_study,Kubernetes,https://example.com/asset-0014
CT0015,Asset 0015,email_template,IoT Security,https://example.com/asset-0015
CT0016,Asset 0016,email_template,Edge AI,https://example.com/asset-0016
CT0017,Asset 0017,datasheet,Cloud Migration,https://example.com/asset-0017
CT0018,Asset 0018,email_template,Kubernetes,https://example.com/asset-0018
CT0019,Asset 0019,video,Kubernetes,https://example.com/asset-0019
CT0020,Asset 0020,video,Zero Trust,https://example.com/asset-0020
CT0021,Asset 0021,video,DevSecOps,https://example.com/asset-0021
CT0022,Asset 0022,landing_page,Backup,https://example.com/asset-0022
CT0023,Asset 0023,landing_page,SaaS Ops,https://example.com/asset-0023
CT0024,Asset 0024,template,Zero Trust,https://example.com/asset-0024
CT0025,Asset 0025,email_template,IoT Security,https://example.com/asset-0025
CT0026,Asset 0026,datasheet,SaaS Ops,https://example.com/asset-0026
CT0027,Asset 0027,whitepaper,Edge AI,https://example.com/asset-0027
CT0028,Asset 0028,datasheet,MLOps,https://example.com/asset-0028
CT0029,Asset 0029,webpage,Backup,https://example.com/asset-0029
CT0030,Asset 0030,whitepaper,SaaS Ops,https://example.com/asset-0030
CT0031,Asset 0031,datasheet,Zero Trust,https://example.com/asset-0031
CT0032,Asset 0032,blog,Observability,https://example.com/asset-0032
CT0033,Asset 0033,video,Kubernetes,https://example.com/asset-0033
CT0034,Asset 0034,datasheet,Observability,https://example.com/asset-0034
CT0035,Asset 0035,datasheet,DevSecOps,https://example.com/asset-0035
CT0036,Asset 0036,blog,DevSecOps,https://example.com/asset-0036
CT0037,Asset 0037,case_study,Backup,https://example.com/asset-0037
CT0038,Asset 0038,landing_page,Observability,https://example.com/asset-0038
CT0039,Asset 0039,template,Observability,https://example.com/asset-0039
CT0040,Asset 0040,webpage,MLOps,https://example.com/asset-0040
CT0041,Asset 0041,case_study,Data Security,https://example.com/asset-0041
CT0042,Asset 0042,email_template,SaaS Ops,https://example.com/asset-0042
CT0043,Asset 0043,whitepaper,IoT Security,https://example.com/asset-0043
CT0044,Asset 0044,case_study,MLOps,https://example.com/asset-0044
CT0045,Asset 0045,case_study,Cloud Migration,https://example.com/asset-0045
CT0046,Asset 0046,template,Data Security,https://example.com/asset-0046
CT0047,Asset 0047,webpage,DevSecOps,https://example.com/asset-0047
CT0048,Asset 0048,template,SaaS Ops,https://example.com/asset-0048
CT0049,Asset 0049,blog,Data Security,https://example.com/asset-0049
CT0050,Asset 0050,case_study,Zero Trust,https://example.com/asset-0050
CT0051,Asset 0051,blog,Observability,https://example.com/asset-0051
CT0052,Asset 0052,datasheet,MLOps,https://example.com/asset-0052
CT0053,Asset 0053,landing_page,DevSecOps,https://example.com/asset-0053
CT0054,Asset 0054,blog,IoT Security,https://example.com/asset-0054
CT0055,Asset 0055,ebook,Zero Trust,https://example.com/asset-0055
CT0056,Asset 0056,datasheet,GenAI,https://example.com/asset-0056
CT0057,Asset 0057,template,Data Security,https://example.com/asset-0057
CT0058,Asset 0058,case_study,Data Security,https://example.com/asset-0058
CT0059,Asset 0059,video,Backup,https://example.com/asset-0059
CT0060,Asset 0060,video,GenAI,https://example.com/asset-0060
CT0061,Asset 0061,whitepaper,SaaS Ops,https://example.com/asset-0061
CT0062,Asset 0062,whitepaper,Kubernetes,https://example.com/asset-0062
CT0063,Asset 0063,video,SaaS Ops,https://example.com/asset-0063
CT0064,Asset 0064,template,MLOps,https://example.com/asset-0064
CT0065,Asset 0065,datasheet,SaaS Ops,https://example.com/asset-0065
CT0066,Asset 0066,video,DevSecOps,https://example.com/asset-0066
CT0067,Asset 0067,template,Zero Trust,https://example.com/asset-0067
CT0068,Asset 0068,webpage,Zero Trust,https://example.com/asset-0068
CT0069,Asset 0069,datasheet,Data Security,https://example.com/asset-0069
CT0070,Asset 0070,ebook,Cloud Migration,https://example.com/asset-0070
CT0071,Asset 0071,email_template,SaaS Ops,https://example.com/asset-0071
CT0072,Asset 0072,template,Observability,https://example.com/asset-0072
CT0073,Asset 0073,video,SaaS Ops,https://example.com/asset-0073
CT0074,Asset 0074,email_template,MLOps,https://example.com/asset-0074
CT0075,Asset 0075,ebook,MLOps,https://example.com/asset-0075
CT0076,Asset 0076,webpage,Kubernetes,https://example.com/asset-0076
CT0077,Asset 0077,template,GenAI,https://example.com/asset-0077
CT0078,Asset 0078,landing_page,IoT Security,https://example.com/asset-0078
CT0079,Asset 0079,ebook,SaaS Ops,https://example.com/asset-0079
CT0080,Asset 0080,whitepaper,DevSecOps,https://example.com/asset-0080
CT0081,Asset 0081,case_study,Observability,https://example.com/asset-0081
CT0082,Asset 0082,email_template,SaaS Ops,https://example.com/asset-0082
CT0083,Asset 0083,whitepaper,DevSecOps,https://example.com/asset-0083
CT0084,Asset 0084,blog,DevSecOps,https://example.com/asset-0084
CT0085,Asset 0085,template,MLOps,https://example.com/asset-0085
CT0086,Asset 0086,datasheet,Zero Trust,https://example.com/asset-0086
CT0087,Asset 0087,case_study,Cloud Migration,https://example.com/asset-0087
CT0088,Asset 0088,whitepaper,DevSecOps,https://example.com/asset-0088
CT0089,Asset 0089,webpage,Edge AI,https://example.com/asset-0089
CT0090,Asset 0090,landing_page,MLOps,https://example.com/asset-0090
CT0091,Asset 0091,template,SaaS Ops,https://example.com/asset-0091
CT0092,Asset 0092,video,GenAI,https://example.com/asset-0092
CT0093,Asset 0093,webpage,Edge AI,https://example.com/asset-0093
CT0094,Asset 0094,ebook,DevSecOps,https://example.com/asset-0094
CT0095,Asset 0095,landing_page,Observability,https://example.com/asset-0095
CT0096,Asset 0096,ebook,Zero Trust,https://example.com/asset-0096
CT0097,Asset 0097,whitepaper,Edge AI,https://example.com/asset-0097
CT0098,Asset 0098,datasheet,Cloud Migration,https://example.com/asset-0098
CT0099,Asset 0099,whitepaper,Data Security,https://example.com/asset-0099
CT0100,Asset 0100,webpage,Cloud Migration,https://example.com/asset-0100
CT0101,Asset 0101,ebook,Backup,https://example.com/asset-0101
CT0102,Asset 0102,webpage,Data Security,https://example.com/asset-0102
CT0103,Asset 0103,whitepaper,SaaS Ops,https://example.com/asset-0103
CT0104,Asset 0104,datasheet,Cloud Migration,https://example.com/asset-0104
CT0105,Asset 0105,landing_page,Zero Trust,https://example.com/asset-0105
CT0106,Asset 0106,landing_page,SaaS Ops,https://example.com/asset-0106
CT0107,Asset 0107,webpage,GenAI,https://example.com/asset-0107
CT0108,Asset 0108,webpage,Zero Trust,https://example.com/asset-0108
CT0109,Asset 0109,case_study,Edge AI,https://example.com/asset-0109
CT0110,Asset 0110,whitepaper,Zero Trust,https://example.com/asset-0110
CT0111,Asset 0111,landing_page,Zero Trust,https://example.com/asset-0111
CT0112,Asset 0112,template,SaaS Ops,https://example.com/asset-0112
CT0113,Asset 0113,video,Cloud Migration,https://example.com/asset-0113
CT0114,Asset 0114,email_template,GenAI,https://example.com/asset-0114
CT0115,Asset 0115,blog,Edge AI,https://example.com/asset-0115
CT0116,Asset 0116,webpage,MLOps,https://example.com/asset-0116
CT0117,Asset 0117,case_study,Kubernetes,https://example.com/asset-0117
CT0118,Asset 0118,video,SaaS Ops,https://example.com/asset-0118
CT0119,Asset 0119,webpage,Data Security,https://example.com/asset-0119
CT0120,Asset 0120,ebook,Zero Trust,https://example.com/asset-0120
CT0121,Asset 0121,email_template,IoT Security,https://example.com/asset-0121
CT0122,Asset 0122,template,Observability,https://example.com/asset-0122
CT0123,Asset 0123,whitepaper,Data Security,https://example.com/asset-0123
CT0124,Asset 0124,template,Cloud Migration,https://example.com/asset-0124
CT0125,Asset 0125,ebook,Data Security,https://example.com/asset-0125
CT0126,Asset 0126,blog,Cloud Migration,https://example.com/asset-0126
CT0127,Asset 0127,whitepaper,Data Security,https://example.com/asset-0127
CT0128,Asset 0128,landing_page,Backup,https://example.com/asset-0128
CT0129,Asset 0129,case_study,SaaS Ops,https://example.com/asset-0129
CT0130,Asset 0130,datasheet,SaaS Ops,https://example.com/asset-0130
CT0131,Asset 0131,datasheet,Zero Trust,https://example.com/asset-0131
CT0132,Asset 0132,webpage,Edge AI,https://example.com/asset-0132
CT0133,Asset 0133,case_study,Cloud Migration,https://example.com/asset-0133
CT0134,Asset 0134,landing_page,IoT Security,https://example.com/asset-0134
CT0135,Asset 0135,webpage,SaaS Ops,https://example.com/asset-0135
CT0136,Asset 0136,case_study,Cloud Migration,https://example.com/asset-0136
CT0137,Asset 0137,ebook,SaaS Ops,https://example.com/asset-0137
CT0138,Asset 0138,template,Backup,https://example.com/asset-0138
CT0139,Asset 0139,blog,Observability,https://example.com/asset-0139
CT0140,Asset 0140,whitepaper,Cloud Migration,https://example.com/asset-0140
CT0141,Asset 0141,blog,Cloud Migration,https://example.com/asset-0141
CT0142,Asset 0142,ebook,Backup,https://example.com/asset-0142
CT0143,Asset 0143,case_study,DevSecOps,https://example.com/asset-0143
CT0144,Asset 0144,email_template,Zero Trust,https://example.com/asset-0144
CT0145,Asset 0145,blog,Observability,https://example.com/asset-0145
CT0146,Asset 0146,video,Kubernetes,https://example.com/asset-0146
CT0147,Asset 0147,blog,Observability,https://example.com/asset-0147
CT0148,Asset 0148,datasheet,Observability,https://example.com/asset-0148
CT0149,Asset 0149,landing_page,Data Security,https://example.com/asset-0149
CT0150,Asset 0150,case_study,GenAI,https://example.com/asset-0150
CT0151,Asset 0151,blog,IoT Security,https://example.com/asset-0151
CT0152,Asset 0152,ebook,DevSecOps,https://example.com/asset-0152
CT0153,Asset 0153,email_template,Data Security,https://example.com/asset-0153
CT0154,Asset 0154,template,Cloud Migration,https://example.com/asset-0154
CT0155,Asset 0155,blog,Cloud Migration,https://example.com/asset-0155
CT0156,Asset 0156,landing_page,Data Security,https://example.com/asset-0156
CT0157,Asset 0157,webpage,DevSecOps,https://example.com/asset-0157
CT0158,Asset 0158,webpage,DevSecOps,https://example.com/asset-0158
CT0159,Asset 0159,whitepaper,GenAI,https://example.com/asset-0159
CT0160,Asset 0160,video,MLOps,https://example.com/asset-0160
CT0161,Asset 0161,video,MLOps,https://example.com/asset-0161
CT0162,Asset 0162,datasheet,SaaS Ops,https://example.com/asset-0162
CT0163,Asset 0163,case_study,GenAI,https://example.com/asset-0163
CT0164,Asset 0164,webpage,MLOps,https://example.com/asset-0164
CT0165,Asset 0165,case_study,Zero Trust,https://example.com/asset-0165
CT0166,Asset 0166,ebook,Zero Trust,https://example.com/asset-0166
CT0167,Asset 0167,case_study,GenAI,https://example.com/asset-0167
CT0168,Asset 0168,landing_page,Data Security,https://example.com/asset-0168
CT0169,Asset 0169,landing_page,MLOps,https://example.com/asset-0169
CT0170,Asset 0170,landing_page,Kubernetes,https://example.com/asset-0170
CT0171,Asset 0171,ebook,Data Security,https://example.com/asset-0171
CT0172,Asset 0172,blog,MLOps,https://example.com/asset-0172
CT0173,Asset 0173,landing_page,SaaS Ops,https://example.com/asset-0173
CT0174,Asset 0174,template,Observability,https://example.com/asset-0174
CT0175,Asset 0175,blog,MLOps,https://example.com/asset-0175
CT0176,Asset 0176,email_template,Kubernetes,https://example.com/asset-0176
CT0177,Asset 0177,whitepaper,Kubernetes,https://example.com/asset-0177
CT0178,Asset 0178,email_template,GenAI,https://example.com/asset-0178
CT0179,Asset 0179,whitepaper,Backup,https://example.com/asset-0179
CT0180,Asset 0180,ebook,GenAI,https://example.com/asset-0180
CT0181,Asset 0181,ebook,Kubernetes,https://example.com/asset-0181
CT0182,Asset 0182,landing_page,Cloud Migration,https://example.com/asset-0182
CT0183,Asset 0183,datasheet,Cloud Migration,https://example.com/asset-0183
CT0184,Asset 0184,datasheet,Kubernetes,https://example.com/asset-0184
CT0185,Asset 0185,video,Edge AI,https://example.com/asset-0185
CT0186,Asset 0186,ebook,Kubernetes,https://example.com/asset-0186
CT0187,Asset 0187,whitepaper,MLOps,https://example.com/asset-0187
CT0188,Asset 0188,ebook,SaaS Ops,https://example.com/asset-0188
CT0189,Asset 0189,template,Kubernetes,https://example.com/asset-0189
CT0190,Asset 0190,whitepaper,Observability,https://example.com/asset-0190
CT0191,Asset 0191,blog,SaaS Ops,https://example.com/asset-0191
CT0192,Asset 0192,datasheet,DevSecOps,https://example.com/asset-0192
CT0193,Asset 0193,datasheet,Zero Trust,https://example.com/asset-0193
CT0194,Asset 0194,case_study,DevSecOps,https://example.com/asset-0194
CT0195,Asset 0195,template,Zero Trust,https://example.com/asset-0195
CT0196,Asset 0196,whitepaper,Cloud Migration,https://example.com/asset-0196
CT0197,Asset 0197,case_study,Observability,https://example.com/asset-0197
CT0198,Asset 0198,case_study,Zero Trust,https://example.com/asset-0198
CT0199,Asset 0199,case_study,Kubernetes,https://example.com/asset-0199
CT0200,Asset 0200,template,Backup,https://example.com/asset-0200
CT0201,Asset 0201,whitepaper,Edge AI,https://example.com/asset-0201
CT0202,Asset 0202,datasheet,Observability,https://example.com/asset-0202
CT0203,Asset 0203,whitepaper,Cloud Migration,https://example.com/asset-0203
CT0204,Asset 0204,video,IoT Security,https://example.com/asset-0204
CT0205,Asset 0205,datasheet,SaaS Ops,https://example.com/asset-0205
CT0206,Asset 0206,landing_page,Backup,https://example.com/asset-0206
CT0207,Asset 0207,datasheet,Backup,https://example.com/asset-0207
CT0208,Asset 0208,email_template,Observability,https://example.com/asset-0208
CT0209,Asset 0209,webpage,DevSecOps,https://example.com/asset-0209
CT0210,Asset 0210,ebook,MLOps,https://example.com/asset-0210
CT0211,Asset 0211,landing_page,Backup,https://example.com/asset-0211
CT0212,Asset 0212,video,DevSecOps,https://example.com/asset-0212
CT0213,Asset 0213,landing_page,Cloud Migration,https://example.com/asset-0213
CT0214,Asset 0214,landing_page,Observability,https://example.com/asset-0214
CT0215,Asset 0215,webpage,Zero Trust,https://example.com/asset-0215
CT0216,Asset 0216,email_template,IoT Security,https://example.com/asset-0216
CT0217,Asset 0217,ebook,SaaS Ops,https://example.com/asset-0217
CT0218,Asset 0218,case_study,SaaS Ops,https://example.com/asset-0218
CT0219,Asset 0219,email_template,Observability,https://example.com/asset-0219
CT0220,Asset 0220,ebook,Edge AI,https://example.com/asset-0220
CT0221,Asset 0221,blog,Zero Trust,https://example.com/asset-0221
CT0222,Asset 0222,webpage,Data Security,https://example.com/asset-0222
CT0223,Asset 0223,datasheet,Kubernetes,https://example.com/asset-0223
CT0224,Asset 0224,case_study,IoT Security,https://example.com/asset-0224
CT0225,Asset 0225,case_study,DevSecOps,https://example.com/asset-0225
CT0226,Asset 0226,ebook,SaaS Ops,https://example.com/asset-0226
CT0227,Asset 0227,webpage,Data Security,https://example.com/asset-0227
CT0228,Asset 0228,video,Edge AI,https://example.com/asset-0228
CT0229,Asset 0229,template,MLOps,https://example.com/asset-0229
CT0230,Asset 0230,email_template,GenAI,https://example.com/asset-0230
CT0231,Asset 0231,whitepaper,Backup,https://example.com/asset-0231
CT0232,Asset 0232,whitepaper,Zero Trust,https://example.com/asset-0232
CT0233,Asset 0233,video,Data Security,https://example.com/asset-0233
CT0234,Asset 0234,video,Cloud Migration,https://example.com/asset-0234
CT0235,Asset 0235,case_study,DevSecOps,https://example.com/asset-0235
CT0236,Asset 0236,webpage,Zero Trust,https://example.com/asset-0236
CT0237,Asset 0237,whitepaper,Zero Trust,https://example.com/asset-0237
CT0238,Asset 0238,case_study,Backup,https://example.com/asset-0238
CT0239,Asset 0239,ebook,Edge AI,https://example.com/asset-0239
CT0240,Asset 0240,video,Kubernetes,https://example.com/asset-0240
CT0241,Asset 0241,email_template,Cloud Migration,https://example.com/asset-0241
CT0242,Asset 0242,email_template,Zero Trust,https://example.com/asset-0242
CT0243,Asset 0243,email_template,Backup,https://example.com/asset-0243
CT0244,Asset 0244,email_template,Kubernetes,https://example.com/asset-0244
CT0245,Asset 0245,email_template,GenAI,https://example.com/asset-0245
CT0246,Asset 0246,webpage,Kubernetes,https://example.com/asset-0246
CT0247,Asset 0247,landing_page,SaaS Ops,https://example.com/asset-0247
CT0248,Asset 0248,datasheet,Edge AI,https://example.com/asset-0248
CT0249,Asset 0249,template,Data Security,https://example.com/asset-0249
CT0250,Asset 0250,email_template,Kubernetes,https://example.com/asset-0250
CT0251,Asset 0251,blog,Cloud Migration,https://example.com/asset-0251
CT0252,Asset 0252,template,Edge AI,https://example.com/asset-0252
CT0253,Asset 0253,whitepaper,DevSecOps,https://example.com/asset-0253
CT0254,Asset 0254,video,Cloud Migration,https://example.com/asset-0254
CT0255,Asset 0255,blog,GenAI,https://example.com/asset-0255
CT0256,Asset 0256,blog,GenAI,https://example.com/asset-0256
CT0257,Asset 0257,landing_page,DevSecOps,https://example.com/asset-0257
CT0258,Asset 0258,blog,MLOps,https://example.com/asset-0258
CT0259,Asset 0259,template,Backup,https://example.com/asset-0259
CT0260,Asset 0260,webpage,Observability,https://example.com/asset-0260
CT0261,Asset 0261,video,Observability,https://example.com/asset-0261
CT0262,Asset 0262,ebook,Cloud Migration,https://example.com/asset-0262
CT0263,Asset 0263,whitepaper,Backup,https://example.com/asset-0263
CT0264,Asset 0264,datasheet,Edge AI,https://example.com/asset-0264
CT0265,Asset 0265,video,Backup,https://example.com/asset-0265
CT0266,Asset 0266,template,GenAI,https://example.com/asset-0266
CT0267,Asset 0267,landing_page,IoT Security,https://example.com/asset-0267
CT0268,Asset 0268,ebook,Zero Trust,https://example.com/asset-0268
CT0269,Asset 0269,email_template,Kubernetes,https://example.com/asset-0269
CT0270,Asset 0270,blog,Zero Trust,https://example.com/asset-0270
CT0271,Asset 0271,case_study,GenAI,https://example.com/asset-0271
CT0272,Asset 0272,datasheet,Data Security,https://example.com/asset-0272
CT0273,Asset 0273,blog,Edge AI,https://example.com/asset-0273
CT0274,Asset 0274,template,Cloud Migration,https://example.com/asset-0274
CT0275,Asset 0275,blog,Zero Trust,https://example.com/asset-0275
CT0276,Asset 0276,whitepaper,Kubernetes,https://example.com/asset-0276
CT0277,Asset 0277,webpage,DevSecOps,https://example.com/asset-0277
CT0278,Asset 0278,landing_page,SaaS Ops,https://example.com/asset-0278
CT0279,Asset 0279,video,Cloud Migration,https://example.com/asset-0279
CT0280,Asset 0280,landing_page,Backup,https://example.com/asset-0280
CT0281,Asset 0281,datasheet,Cloud Migration,https://example.com/asset-0281
CT0282,Asset 0282,template,GenAI,https://example.com/asset-0282
CT0283,Asset 0283,case_study,SaaS Ops,https://example.com/asset-0283
CT0284,Asset 0284,case_study,Data Security,https://example.com/asset-0284
CT0285,Asset 0285,landing_page,Edge AI,https://example.com/asset-0285
CT0286,Asset 0286,webpage,IoT Security,https://example.com/asset-0286
CT0287,Asset 0287,template,IoT Security,https://example.com/asset-0287
CT0288,Asset 0288,whitepaper,Zero Trust,https://example.com/asset-0288
CT0289,Asset 0289,video,Backup,https://example.com/asset-0289
CT0290,Asset 0290,blog,DevSecOps,https://example.com/asset-0290
CT0291,Asset 0291,template,Observability,https://example.com/asset-0291
CT0292,Asset 0292,video,SaaS Ops,https://example.com/asset-0292
CT0293,Asset 0293,whitepaper,SaaS Ops,https://example.com/asset-0293
CT0294,Asset 0294,video,Zero Trust,https://example.com/asset-0294
CT0295,Asset 0295,blog,IoT Security,https://example.com/asset-0295
CT0296,Asset 0296,whitepaper,Data Security,https://example.com/asset-0296
CT0297,Asset 0297,datasheet,Cloud Migration,https://example.com/asset-0297
CT0298,Asset 0298,landing_page,IoT Security,https://example.com/asset-0298
CT0299,Asset 0299,ebook,IoT Security,https://example.com/asset-0299
CT0300,Asset 0300,datasheet,DevSecOps,https://example.com/asset-0300
CT0301,Asset 0301,video,GenAI,https://example.com/asset-0301
CT0302,Asset 0302,ebook,DevSecOps,https://example.com/asset-0302
CT0303,Asset 0303,ebook,Kubernetes,https://example.com/asset-0303
CT0304,Asset 0304,webpage,Edge AI,https://example.com/asset-0304
CT0305,Asset 0305,video,SaaS Ops,https://example.com/asset-0305
CT0306,Asset 0306,ebook,IoT Security,https://example.com/asset-0306
CT0307,Asset 0307,ebook,Kubernetes,https://example.com/asset-0307
CT0308,Asset 0308,video,IoT Security,https://example.com/asset-0308
CT0309,Asset 0309,datasheet,DevSecOps,https://example.com/asset-0309
CT0310,Asset 0310,datasheet,Cloud Migration,https://example.com/asset-0310
CT0311,Asset 0311,whitepaper,SaaS Ops,https://example.com/asset-0311
CT0312,Asset 0312,ebook,SaaS Ops,https://example.com/asset-0312
CT0313,Asset 0313,blog,Zero Trust,https://example.com/asset-0313
CT0314,Asset 0314,blog,GenAI,https://example.com/asset-0314
CT0315,Asset 0315,email_template,Kubernetes,https://example.com/asset-0315
CT0316,Asset 0316,template,Edge AI,https://example.com/asset-0316
CT0317,Asset 0317,datasheet,MLOps,https://example.com/asset-0317
CT0318,Asset 0318,case_study,Cloud Migration,https://example.com/asset-0318
CT0319,Asset 0319,landing_page,Edge AI,https://example.com/asset-0319
CT0320,Asset 0320,webpage,Data Security,https://example.com/asset-0320
CT0321,Asset 0321,ebook,Zero Trust,https://example.com/asset-0321
CT0322,Asset 0322,landing_page,Cloud Migration,https://example.com/asset-0322
CT0323,Asset 0323,blog,MLOps,https://example.com/asset-0323
CT0324,Asset 0324,whitepaper,Observability,https://example.com/asset-0324
CT0325,Asset 0325,case_study,Backup,https://example.com/asset-0325
CT0326,Asset 0326,template,Observability,https://example.com/asset-0326
CT0327,Asset 0327,video,Cloud Migration,https://example.com/asset-0327
CT0328,Asset 0328,whitepaper,Observability,https://example.com/asset-0328
CT0329,Asset 0329,ebook,IoT Security,https://example.com/asset-0329
CT0330,Asset 0330,case_study,Cloud Migration,https://example.com/asset-0330
CT0331,Asset 0331,template,Kubernetes,https://example.com/asset-0331
CT0332,Asset 0332,whitepaper,MLOps,https://example.com/asset-0332
CT0333,Asset 0333,landing_page,Zero Trust,https://example.com/asset-0333
CT0334,Asset 0334,datasheet,IoT Security,https://example.com/asset-0334
CT0335,Asset 0335,template,Observability,https://example.com/asset-0335
CT0336,Asset 0336,datasheet,Cloud Migration,https://example.com/asset-0336
CT0337,Asset 0337,landing_page,Zero Trust,https://example.com/asset-0337
CT0338,Asset 0338,landing_page,Cloud Migration,https://example.com/asset-0338
CT0339,Asset 0339,webpage,Kubernetes,https://example.com/asset-0339
CT0340,Asset 0340,video,Zero Trust,https://example.com/asset-0340
CT0341,Asset 0341,template,MLOps,https://example.com/asset-0341
CT0342,Asset 0342,datasheet,Cloud Migration,https://example.com/asset-0342
CT0343,Asset 0343,blog,DevSecOps,https://example.com/asset-0343
CT0344,Asset 0344,email_template,GenAI,https://example.com/asset-0344
CT0345,Asset 0345,webpage,SaaS Ops,https://example.com/asset-0345
CT0346,Asset 0346,video,Kubernetes,https://example.com/asset-0346
CT0347,Asset 0347,email_template,Observability,https://example.com/asset-0347
CT0348,Asset 0348,datasheet,Edge AI,https://example.com/asset-0348
CT0349,Asset 0349,webpage,GenAI,https://example.com/asset-0349
CT0350,Asset 0350,email_template,Data Security,https://example.com/asset-0350
CT0351,Asset 0351,whitepaper,Edge AI,https://example.com/asset-0351
CT0352,Asset 0352,ebook,Data Security,https://example.com/asset-0352
CT0353,Asset 0353,blog,Kubernetes,https://example.com/asset-0353
CT0354,Asset 0354,whitepaper,GenAI,https://example.com/asset-0354
CT0355,Asset 0355,video,MLOps,https://example.com/asset-0355
CT0356,Asset 0356,webpage,Kubernetes,https://example.com/asset-0356
CT0357,Asset 0357,video,SaaS Ops,https://example.com/asset-0357
CT0358,Asset 0358,video,Backup,https://example.com/asset-0358
CT0359,Asset 0359,template,Data Security,https://example.com/asset-0359
CT0360,Asset 0360,datasheet,Edge AI,https://example.com/asset-0360
CT0361,Asset 0361,case_study,Backup,https://example.com/asset-0361
CT0362,Asset 0362,ebook,Observability,https://example.com/asset-0362
CT0363,Asset 0363,blog,GenAI,https://example.com/asset-0363
CT0364,Asset 0364,ebook,SaaS Ops,https://example.com/asset-0364
CT0365,Asset 0365,landing_page,Data Security,https://example.com/asset-0365
CT0366,Asset 0366,datasheet,Edge AI,https://example.com/asset-0366
CT0367,Asset 0367,webpage,Backup,https://example.com/asset-0367
CT0368,Asset 0368,whitepaper,Cloud Migration,https://example.com/asset-0368
CT0369,Asset 0369,datasheet,SaaS Ops,https://example.com/asset-0369
CT0370,Asset 0370,webpage,MLOps,https://example.com/asset-0370
CT0371,Asset 0371,datasheet,Observability,https://example.com/asset-0371
CT0372,Asset 0372,video,Zero Trust,https://example.com/asset-0372
CT0373,Asset 0373,case_study,Backup,https://example.com/asset-0373
CT0374,Asset 0374,case_study,Backup,https://example.com/asset-0374
CT0375,Asset 0375,whitepaper,DevSecOps,https://example.com/asset-0375
CT0376,Asset 0376,blog,Kubernetes,https://example.com/asset-0376
CT0377,Asset 0377,blog,SaaS Ops,https://example.com/asset-0377
CT0378,Asset 0378,landing_page,Backup,https://example.com/asset-0378
CT0379,Asset 0379,ebook,IoT Security,https://example.com/asset-0379
CT0380,Asset 0380,email_template,Observability,https://example.com/asset-0380
CT0381,Asset 0381,ebook,SaaS Ops,https://example.com/asset-0381
CT0382,Asset 0382,blog,Observability,https://example.com/asset-0382
CT0383,Asset 0383,datasheet,IoT Security,https://example.com/asset-0383
CT0384,Asset 0384,webpage,Kubernetes,https://example.com/asset-0384
CT0385,Asset 0385,landing_page,DevSecOps,https://example.com/asset-0385
CT0386,Asset 0386,email_template,Edge AI,https://example.com/asset-0386
CT0387,Asset 0387,case_study,Kubernetes,https://example.com/asset-0387
CT0388,Asset 0388,landing_page,Backup,https://example.com/asset-0388
CT0389,Asset 0389,whitepaper,MLOps,https://example.com/asset-0389
CT0390,Asset 0390,landing_page,Cloud Migration,https://example.com/asset-0390
CT0391,Asset 0391,case_study,Cloud Migration,https://example.com/asset-0391
CT0392,Asset 0392,ebook,Edge AI,https://example.com/asset-0392
CT0393,Asset 0393,whitepaper,GenAI,https://example.com/asset-0393
CT0394,Asset 0394,ebook,MLOps,https://example.com/asset-0394
CT0395,Asset 0395,webpage,Data Security,https://example.com/asset-0395
CT0396,Asset 0396,datasheet,Data Security,https://example.com/asset-0396
CT0397,Asset 0397,video,Edge AI,https://example.com/asset-0397
CT0398,Asset 0398,webpage,GenAI,https://example.com/asset-0398
CT0399,Asset 0399,landing_page,SaaS Ops,https://example.com/asset-0399
CT0400,Asset 0400,template,Cloud Migration,https://example.com/asset-0400
CT0401,Asset 0401,blog,GenAI,https://example.com/asset-0401
CT0402,Asset 0402,ebook,SaaS Ops,https://example.com/asset-0402
CT0403,Asset 0403,datasheet,SaaS Ops,https://example.com/asset-0403
CT0404,Asset 0404,landing_page,IoT Security,https://example.com/asset-0404
CT0405,Asset 0405,whitepaper,Kubernetes,https://example.com/asset-0405
CT0406,Asset 0406,case_study,Zero Trust,https://example.com/asset-0406
CT0407,Asset 0407,case_study,Data Security,https://example.com/asset-0407
CT0408,Asset 0408,video,Cloud Migration,https://example.com/asset-0408
CT0409,Asset 0409,landing_page,IoT Security,https://example.com/asset-0409
CT0410,Asset 0410,email_template,Zero Trust,https://example.com/asset-0410
CT0411,Asset 0411,landing_page,Backup,https://example.com/asset-0411
CT0412,Asset 0412,whitepaper,DevSecOps,https://example.com/asset-0412
CT0413,Asset 0413,blog,DevSecOps,https://example.com/asset-0413
CT0414,Asset 0414,ebook,Observability,https://example.com/asset-0414
CT0415,Asset 0415,datasheet,Observability,https://example.com/asset-0415
CT0416,Asset 0416,ebook,Edge AI,https://example.com/asset-0416
CT0417,Asset 0417,webpage,Zero Trust,https://example.com/asset-0417
CT0418,Asset 0418,landing_page,DevSecOps,https://example.com/asset-0418
CT0419,Asset 0419,whitepaper,GenAI,https://example.com/asset-0419
CT0420,Asset 0420,blog,Backup,https://example.com/asset-0420
CT0421,Asset 0421,datasheet,Cloud Migration,https://example.com/asset-0421
CT0422,Asset 0422,video,Observability,https://example.com/asset-0422
CT0423,Asset 0423,case_study,Observability,https://example.com/asset-0423
CT0424,Asset 0424,video,SaaS Ops,https://example.com/asset-0424
CT0425,Asset 0425,whitepaper,Data Security,https://example.com/asset-0425
CT0426,Asset 0426,datasheet,Kubernetes,https://example.com/asset-0426
CT0427,Asset 0427,template,Observability,https://example.com/asset-0427
CT0428,Asset 0428,case_study,Backup,https://example.com/asset-0428
CT0429,Asset 0429,email_template,DevSecOps,https://example.com/asset-0429
CT0430,Asset 0430,template,GenAI,https://example.com/asset-0430
CT0431,Asset 0431,email_template,Zero Trust,https://example.com/asset-0431
CT0432,Asset 0432,ebook,Edge AI,https://example.com/asset-0432
CT0433,Asset 0433,blog,Backup,https://example.com/asset-0433
CT0434,Asset 0434,ebook,Backup,https://example.com/asset-0434
CT0435,Asset 0435,case_study,MLOps,https://example.com/asset-0435
CT0436,Asset 0436,case_study,IoT Security,https://example.com/asset-0436
CT0437,Asset 0437,whitepaper,Data Security,https://example.com/asset-0437
CT0438,Asset 0438,datasheet,Edge AI,https://example.com/asset-0438
CT0439,Asset 0439,landing_page,GenAI,https://example.com/asset-0439
CT0440,Asset 0440,webpage,SaaS Ops,https://example.com/asset-0440
CT0441,Asset 0441,whitepaper,Kubernetes,https://example.com/asset-0441
CT0442,Asset 0442,landing_page,Zero Trust,https://example.com/asset-0442
CT0443,Asset 0443,whitepaper,DevSecOps,https://example.com/asset-0443
CT0444,Asset 0444,video,Cloud Migration,https://example.com/asset-0444
CT0445,Asset 0445,video,Kubernetes,https://example.com/asset-0445
CT0446,Asset 0446,whitepaper,SaaS Ops,https://example.com/asset-0446
CT0447,Asset 0447,whitepaper,Cloud Migration,https://example.com/asset-0447
CT0448,Asset 0448,email_template,IoT Security,https://example.com/asset-0448
CT0449,Asset 0449,whitepaper,Backup,https://example.com/asset-0449
CT0450,Asset 0450,webpage,GenAI,https://example.com/asset-0450
CT0451,Asset 0451,template,Observability,https://example.com/asset-0451
CT0452,Asset 0452,webpage,Kubernetes,https://example.com/asset-0452
CT0453,Asset 0453,whitepaper,Edge AI,https://example.com/asset-0453
CT0454,Asset 0454,template,Kubernetes,https://example.com/asset-0454
CT0455,Asset 0455,whitepaper,GenAI,https://example.com/asset-0455
CT0456,Asset 0456,landing_page,Zero Trust,https://example.com/asset-0456
CT0457,Asset 0457,video,Backup,https://example.com/asset-0457
CT0458,Asset 0458,ebook,DevSecOps,https://example.com/asset-0458
CT0459,Asset 0459,landing_page,Backup,https://example.com/asset-0459
CT0460,Asset 0460,case_study,DevSecOps,https://example.com/asset-0460
CT0461,Asset 0461,whitepaper,MLOps,https://example.com/asset-0461
CT0462,Asset 0462,template,Backup,https://example.com/asset-0462
CT0463,Asset 0463,landing_page,Cloud Migration,https://example.com/asset-0463
CT0464,Asset 0464,video,Kubernetes,https://example.com/asset-0464
CT0465,Asset 0465,webpage,Backup,https://example.com/asset-0465
CT0466,Asset 0466,landing_page,Kubernetes,https://example.com/asset-0466
CT0467,Asset 0467,whitepaper,MLOps,https://example.com/asset-0467
CT0468,Asset 0468,datasheet,SaaS Ops,https://example.com/asset-0468
CT0469,Asset 0469,template,Zero Trust,https://example.com/asset-0469
CT0470,Asset 0470,template,Observability,https://example.com/asset-0470
CT0471,Asset 0471,video,Data Security,https://example.com/asset-0471
CT0472,Asset 0472,webpage,Zero Trust,https://example.com/asset-0472
CT0473,Asset 0473,webpage,Zero Trust,https://example.com/asset-0473
CT0474,Asset 0474,landing_page,SaaS Ops,https://example.com/asset-0474
CT0475,Asset 0475,landing_page,MLOps,https://example.com/asset-0475
CT0476,Asset 0476,webpage,DevSecOps,https://example.com/asset-0476
CT0477,Asset 0477,blog,Observability,https://example.com/asset-0477
CT0478,Asset 0478,template,IoT Security,https://example.com/asset-0478
CT0479,Asset 0479,email_template,Observability,https://example.com/asset-0479
CT0480,Asset 0480,landing_page,Cloud Migration,https://example.com/asset-0480
CT0481,Asset 0481,ebook,Zero Trust,https://example.com/asset-0481
CT0482,Asset 0482,webpage,SaaS Ops,https://example.com/asset-0482
CT0483,Asset 0483,ebook,IoT Security,https://example.com/asset-0483
CT0484,Asset 0484,video,Edge AI,https://example.com/asset-0484
CT0485,Asset 0485,ebook,Cloud Migration,https://example.com/asset-0485
CT0486,Asset 0486,email_template,Backup,https://example.com/asset-0486
CT0487,Asset 0487,ebook,Kubernetes,https://example.com/asset-0487
CT0488,Asset 0488,datasheet,Observability,https://example.com/asset-0488
CT0489,Asset 0489,ebook,Cloud Migration,https://example.com/asset-0489
CT0490,Asset 0490,whitepaper,SaaS Ops,https://example.com/asset-0490
CT0491,Asset 0491,ebook,Backup,https://example.com/asset-0491
CT0492,Asset 0492,video,Backup,https://example.com/asset-0492
CT0493,Asset 0493,case_study,DevSecOps,https://example.com/asset-0493
CT0494,Asset 0494,video,Observability,https://example.com/asset-0494
CT0495,Asset 0495,whitepaper,SaaS Ops,https://example.com/asset-0495
CT0496,Asset 0496,template,MLOps,https://example.com/asset-0496
CT0497,Asset 0497,email_template,Cloud Migration,https://example.com/asset-0497
CT0498,Asset 0498,webpage,IoT Security,https://example.com/asset-0498
CT0499,Asset 0499,whitepaper,Data Security,https://example.com/asset-0499
CT0500,Asset 0500,whitepaper,Observability,https://example.com/asset-0500
CT0501,Asset 0501,datasheet,Kubernetes,https://example.com/asset-0501
CT0502,Asset 0502,ebook,Edge AI,https://example.com/asset-0502
CT0503,Asset 0503,case_study,Backup,https://example.com/asset-0503
CT0504,Asset 0504,template,Backup,https://example.com/asset-0504
CT0505,Asset 0505,whitepaper,Backup,https://example.com/asset-0505
CT0506,Asset 0506,whitepaper,Cloud Migration,https://example.com/asset-0506
CT0507,Asset 0507,webpage,Cloud Migration,https://example.com/asset-0507
CT0508,Asset 0508,datasheet,Cloud Migration,https://example.com/asset-0508
CT0509,Asset 0509,template,Observability,https://example.com/asset-0509
CT0510,Asset 0510,whitepaper,MLOps,https://example.com/asset-0510
CT0511,Asset 0511,whitepaper,SaaS Ops,https://example.com/asset-0511
CT0512,Asset 0512,webpage,Backup,https://example.com/asset-0512
CT0513,Asset 0513,ebook,IoT Security,https://example.com/asset-0513
CT0514,Asset 0514,webpage,Cloud Migration,https://example.com/asset-0514
CT0515,Asset 0515,webpage,SaaS Ops,https://example.com/asset-0515
CT0516,Asset 0516,ebook,Kubernetes,https://example.com/asset-0516
CT0517,Asset 0517,video,Kubernetes,https://example.com/asset-0517
CT0518,Asset 0518,landing_page,Zero Trust,https://example.com/asset-0518
CT0519,Asset 0519,email_template,Data Security,https://example.com/asset-0519
CT0520,Asset 0520,whitepaper,Backup,https://example.com/asset-0520
CT0521,Asset 0521,landing_page,Zero Trust,https://example.com/asset-0521
CT0522,Asset 0522,template,Kubernetes,https://example.com/asset-0522
CT0523,Asset 0523,whitepaper,Zero Trust,https://example.com/asset-0523
CT0524,Asset 0524,whitepaper,Cloud Migration,https://example.com/asset-0524
CT0525,Asset 0525,case_study,MLOps,https://example.com/asset-0525
CT0526,Asset 0526,email_template,Kubernetes,https://example.com/asset-0526
CT0527,Asset 0527,template,Kubernetes,https://example.com/asset-0527
CT0528,Asset 0528,video,MLOps,https://example.com/asset-0528
CT0529,Asset 0529,blog,IoT Security,https://example.com/asset-0529
CT0530,Asset 0530,template,Zero Trust,https://example.com/asset-0530
CT0531,Asset 0531,landing_page,IoT Security,https://example.com/asset-0531
CT0532,Asset 0532,case_study,IoT Security,https://example.com/asset-0532
CT0533,Asset 0533,webpage,IoT Security,https://example.com/asset-0533
CT0534,Asset 0534,webpage,GenAI,https://example.com/asset-0534
CT0535,Asset 0535,video,IoT Security,https://example.com/asset-0535
CT0536,Asset 0536,blog,Backup,https://example.com/asset-0536
CT0537,Asset 0537,blog,Zero Trust,https://example.com/asset-0537
CT0538,Asset 0538,blog,IoT Security,https://example.com/asset-0538
CT0539,Asset 0539,case_study,Backup,https://example.com/asset-0539
CT0540,Asset 0540,landing_page,Backup,https://example.com/asset-0540
CT0541,Asset 0541,whitepaper,Cloud Migration,https://example.com/asset-0541
CT0542,Asset 0542,template,Kubernetes,https://example.com/asset-0542
CT0543,Asset 0543,case_study,IoT Security,https://example.com/asset-0543
CT0544,Asset 0544,landing_page,SaaS Ops,https://example.com/asset-0544
CT0545,Asset 0545,datasheet,Cloud Migration,https://example.com/asset-0545
CT0546,Asset 0546,blog,Data Security,https://example.com/asset-0546
CT0547,Asset 0547,webpage,GenAI,https://example.com/asset-0547
CT0548,Asset 0548,case_study,Data Security,https://example.com/asset-0548
CT0549,Asset 0549,whitepaper,Backup,https://example.com/asset-0549
CT0550,Asset 0550,case_study,IoT Security,https://example.com/asset-0550
CT0551,Asset 0551,email_template,Cloud Migration,https://example.com/asset-0551
CT0552,Asset 0552,datasheet,DevSecOps,https://example.com/asset-0552
CT0553,Asset 0553,email_template,IoT Security,https://example.com/asset-0553
CT0554,Asset 0554,datasheet,Data Security,https://example.com/asset-0554
CT0555,Asset 0555,datasheet,Data Security,https://example.com/asset-0555
CT0556,Asset 0556,template,Edge AI,https://example.com/asset-0556
CT0557,Asset 0557,case_study,Edge AI,https://example.com/asset-0557
CT0558,Asset 0558,video,Cloud Migration,https://example.com/asset-0558
CT0559,Asset 0559,case_study,Observability,https://example.com/asset-0559
CT0560,Asset 0560,video,MLOps,https://example.com/asset-0560
CT0561,Asset 0561,template,Observability,https://example.com/asset-0561
CT0562,Asset 0562,case_study,Backup,https://example.com/asset-0562
CT0563,Asset 0563,datasheet,Data Security,https://example.com/asset-0563
CT0564,Asset 0564,template,SaaS Ops,https://example.com/asset-0564
CT0565,Asset 0565,webpage,Observability,https://example.com/asset-0565
CT0566,Asset 0566,blog,Observability,https://example.com/asset-0566
CT0567,Asset 0567,whitepaper,Cloud Migration,https://example.com/asset-0567
CT0568,Asset 0568,video,Edge AI,https://example.com/asset-0568
CT0569,Asset 0569,ebook,GenAI,https://example.com/asset-0569
CT0570,Asset 0570,webpage,Observability,https://example.com/asset-0570
CT0571,Asset 0571,template,Observability,https://example.com/asset-0571
CT0572,Asset 0572,case_study,IoT Security,https://example.com/asset-0572
CT0573,Asset 0573,blog,Data Security,https://example.com/asset-0573
CT0574,Asset 0574,video,Backup,https://example.com/asset-0574
CT0575,Asset 0575,webpage,Backup,https://example.com/asset-0575
CT0576,Asset 0576,whitepaper,MLOps,https://example.com/asset-0576
CT0577,Asset 0577,template,Edge AI,https://example.com/asset-0577
CT0578,Asset 0578,landing_page,Zero Trust,https://example.com/asset-0578
CT0579,Asset 0579,email_template,DevSecOps,https://example.com/asset-0579
CT0580,Asset 0580,case_study,Observability,https://example.com/asset-0580
CT0581,Asset 0581,whitepaper,GenAI,https://example.com/asset-0581
CT0582,Asset 0582,ebook,Cloud Migration,https://example.com/asset-0582
CT0583,Asset 0583,webpage,SaaS Ops,https://example.com/asset-0583
CT0584,Asset 0584,email_template,SaaS Ops,https://example.com/asset-0584
CT0585,Asset 0585,email_template,Backup,https://example.com/asset-0585
CT0586,Asset 0586,email_template,DevSecOps,https://example.com/asset-0586
CT0587,Asset 0587,video,Edge AI,https://example.com/asset-0587
CT0588,Asset 0588,case_study,Backup,https://example.com/asset-0588
CT0589,Asset 0589,template,SaaS Ops,https://example.com/asset-0589
CT0590,Asset 0590,landing_page,Cloud Migration,https://example.com/asset-0590
CT0591,Asset 0591,blog,MLOps,https://example.com/asset-0591
CT0592,Asset 0592,video,GenAI,https://example.com/asset-0592
CT0593,Asset 0593,ebook,Data Security,https://example.com/asset-0593
CT0594,Asset 0594,template,Kubernetes,https://example.com/asset-0594
CT0595,Asset 0595,template,SaaS Ops,https://example.com/asset-0595
CT0596,Asset 0596,template,DevSecOps,https://example.com/asset-0596
CT0597,Asset 0597,whitepaper,Cloud Migration,https://example.com/asset-0597
CT0598,Asset 0598,blog,DevSecOps,https://example.com/asset-0598
CT0599,Asset 0599,datasheet,Zero Trust,https://example.com/asset-0599
CT0600,Asset 0600,webpage,Observability,https://example.com/asset-0600
CT0601,Asset 0601,webpage,DevSecOps,https://example.com/asset-0601
CT0602,Asset 0602,landing_page,MLOps,https://example.com/asset-0602
CT0603,Asset 0603,email_template,MLOps,https://example.com/asset-0603
CT0604,Asset 0604,webpage,Observability,https://example.com/asset-0604
CT0605,Asset 0605,ebook,Zero Trust,https://example.com/asset-0605
CT0606,Asset 0606,datasheet,MLOps,https://example.com/asset-0606
CT0607,Asset 0607,blog,Zero Trust,https://example.com/asset-0607
CT0608,Asset 0608,email_template,Observability,https://example.com/asset-0608
CT0609,Asset 0609,ebook,GenAI,https://example.com/asset-0609
CT0610,Asset 0610,blog,Observability,https://example.com/asset-0610
CT0611,Asset 0611,whitepaper,Observability,https://example.com/asset-0611
CT0612,Asset 0612,ebook,SaaS Ops,https://example.com/asset-0612
CT0613,Asset 0613,blog,Backup,https://example.com/asset-0613
CT0614,Asset 0614,case_study,Edge AI,https://example.com/asset-0614
CT0615,Asset 0615,video,GenAI,https://example.com/asset-0615
CT0616,Asset 0616,blog,Cloud Migration,https://example.com/asset-0616
CT0617,Asset 0617,email_template,Backup,https://example.com/asset-0617
CT0618,Asset 0618,case_study,Data Security,https://example.com/asset-0618
CT0619,Asset 0619,blog,SaaS Ops,https://example.com/asset-0619
CT0620,Asset 0620,datasheet,Edge AI,https://example.com/asset-0620
CT0621,Asset 0621,datasheet,Data Security,https://example.com/asset-0621
CT0622,Asset 0622,email_template,Observability,https://example.com/asset-0622
CT0623,Asset 0623,whitepaper,DevSecOps,https://example.com/asset-0623
CT0624,Asset 0624,datasheet,MLOps,https://example.com/asset-0624
CT0625,Asset 0625,ebook,Backup,https://example.com/asset-0625
CT0626,Asset 0626,ebook,MLOps,https://example.com/asset-0626
CT0627,Asset 0627,datasheet,GenAI,https://example.com/asset-0627
CT0628,Asset 0628,case_study,Edge AI,https://example.com/asset-0628
CT0629,Asset 0629,video,DevSecOps,https://example.com/asset-0629
CT0630,Asset 0630,video,Cloud Migration,https://example.com/asset-0630
CT0631,Asset 0631,landing_page,Kubernetes,https://example.com/asset-0631
CT0632,Asset 0632,video,Observability,https://example.com/asset-0632
CT0633,Asset 0633,datasheet,MLOps,https://example.com/asset-0633
CT0634,Asset 0634,landing_page,Kubernetes,https://example.com/asset-0634
CT0635,Asset 0635,ebook,Kubernetes,https://example.com/asset-0635
CT0636,Asset 0636,video,Cloud Migration,https://example.com/asset-0636
CT0637,Asset 0637,email_template,IoT Security,https://example.com/asset-0637
CT0638,Asset 0638,webpage,DevSecOps,https://example.com/asset-0638
CT0639,Asset 0639,blog,Observability,https://example.com/asset-0639
CT0640,Asset 0640,case_study,Data Security,https://example.com/asset-0640
CT0641,Asset 0641,ebook,Observability,https://example.com/asset-0641
CT0642,Asset 0642,landing_page,MLOps,https://example.com/asset-0642
CT0643,Asset 0643,webpage,Backup,https://example.com/asset-0643
CT0644,Asset 0644,datasheet,Kubernetes,https://example.com/asset-0644
CT0645,Asset 0645,webpage,SaaS Ops,https://example.com/asset-0645
CT0646,Asset 0646,template,SaaS Ops,https://example.com/asset-0646
CT0647,Asset 0647,whitepaper,IoT Security,https://example.com/asset-0647
CT0648,Asset 0648,blog,Zero Trust,https://example.com/asset-0648
CT0649,Asset 0649,datasheet,MLOps,https://example.com/asset-0649
CT0650,Asset 0650,whitepaper,SaaS Ops,https://example.com/asset-0650
CT0651,Asset 0651,template,Backup,https://example.com/asset-0651
CT0652,Asset 0652,case_study,Backup,https://example.com/asset-0652
CT0653,Asset 0653,template,GenAI,https://example.com/asset-0653
CT0654,Asset 0654,webpage,Data Security,https://example.com/asset-0654
CT0655,Asset 0655,case_study,Kubernetes,https://example.com/asset-0655
CT0656,Asset 0656,blog,GenAI,https://example.com/asset-0656
CT0657,Asset 0657,video,DevSecOps,https://example.com/asset-0657
CT0658,Asset 0658,datasheet,Observability,https://example.com/asset-0658
CT0659,Asset 0659,whitepaper,Cloud Migration,https://example.com/asset-0659
CT0660,Asset 0660,template,SaaS Ops,https://example.com/asset-0660
CT0661,Asset 0661,blog,DevSecOps,https://example.com/asset-0661
CT0662,Asset 0662,case_study,Data Security,https://example.com/asset-0662
CT0663,Asset 0663,video,Cloud Migration,https://example.com/asset-0663
CT0664,Asset 0664,webpage,Kubernetes,https://example.com/asset-0664
CT0665,Asset 0665,blog,Backup,https://example.com/asset-0665
CT0666,Asset 0666,datasheet,Edge AI,https://example.com/asset-0666
CT0667,Asset 0667,blog,Cloud Migration,https://example.com/asset-0667
CT0668,Asset 0668,blog,Observability,https://example.com/asset-0668
CT0669,Asset 0669,landing_page,MLOps,https://example.com/asset-0669
CT0670,Asset 0670,whitepaper,MLOps,https://example.com/asset-0670
CT0671,Asset 0671,email_template,Zero Trust,https://example.com/asset-0671
CT0672,Asset 0672,ebook,Cloud Migration,https://example.com/asset-0672
CT0673,Asset 0673,datasheet,Backup,https://example.com/asset-0673
CT0674,Asset 0674,landing_page,Edge AI,https://example.com/asset-0674
CT0675,Asset 0675,whitepaper,DevSecOps,https://example.com/asset-0675
CT0676,Asset 0676,video,Cloud Migration,https://example.com/asset-0676
CT0677,Asset 0677,email_template,Kubernetes,https://example.com/asset-0677
CT0678,Asset 0678,video,Edge AI,https://example.com/asset-0678
CT0679,Asset 0679,email_template,Edge AI,https://example.com/asset-0679
CT0680,Asset 0680,blog,Edge AI,https://example.com/asset-0680
CT0681,Asset 0681,ebook,Edge AI,https://example.com/asset-0681
CT0682,Asset 0682,webpage,IoT Security,https://example.com/asset-0682
CT0683,Asset 0683,email_template,Backup,https://example.com/asset-0683
CT0684,Asset 0684,blog,Edge AI,https://example.com/asset-0684
CT0685,Asset 0685,landing_page,Edge AI,https://example.com/asset-0685
CT0686,Asset 0686,landing_page,Edge AI,https://example.com/asset-0686
CT0687,Asset 0687,video,SaaS Ops,https://example.com/asset-0687
CT0688,Asset 0688,template,MLOps,https://example.com/asset-0688
CT0689,Asset 0689,whitepaper,GenAI,https://example.com/asset-0689
CT0690,Asset 0690,datasheet,Edge AI,https://example.com/asset-0690
CT0691,Asset 0691,ebook,GenAI,https://example.com/asset-0691
CT0692,Asset 0692,template,SaaS Ops,https://example.com/asset-0692
CT0693,Asset 0693,webpage,Zero Trust,https://example.com/asset-0693
CT0694,Asset 0694,video,DevSecOps,https://example.com/asset-0694
CT0695,Asset 0695,ebook,Kubernetes,https://example.com/asset-0695
CT0696,Asset 0696,webpage,SaaS Ops,https://example.com/asset-0696
CT0697,Asset 0697,video,GenAI,https://example.com/asset-0697
CT0698,Asset 0698,ebook,GenAI,https://example.com/asset-0698
CT0699,Asset 0699,datasheet,Zero Trust,https://example.com/asset-0699
CT0700,Asset 0700,email_template,DevSecOps,https://example.com/asset-0700
CT0701,Asset 0701,video,SaaS Ops,https://example.com/asset-0701
CT0702,Asset 0702,template,SaaS Ops,https://example.com/asset-0702
CT0703,Asset 0703,template,Backup,https://example.com/asset-0703
CT0704,Asset 0704,blog,GenAI,https://example.com/asset-0704
CT0705,Asset 0705,blog,Observability,https://example.com/asset-0705
CT0706,Asset 0706,email_template,Observability,https://example.com/asset-0706
CT0707,Asset 0707,blog,DevSecOps,https://example.com/asset-0707
CT0708,Asset 0708,video,MLOps,https://example.com/asset-0708
CT0709,Asset 0709,whitepaper,MLOps,https://example.com/asset-0709
CT0710,Asset 0710,case_study,Observability,https://example.com/asset-0710
CT0711,Asset 0711,landing_page,IoT Security,https://example.com/asset-0711
CT0712,Asset 0712,case_study,MLOps,https://example.com/asset-0712
CT0713,Asset 0713,template,Observability,https://example.com/asset-0713
CT0714,Asset 0714,video,Zero Trust,https://example.com/asset-0714
CT0715,Asset 0715,whitepaper,Zero Trust,https://example.com/asset-0715
CT0716,Asset 0716,blog,SaaS Ops,https://example.com/asset-0716
CT0717,Asset 0717,blog,MLOps,https://example.com/asset-0717
CT0718,Asset 0718,webpage,SaaS Ops,https://example.com/asset-0718
CT0719,Asset 0719,webpage,Zero Trust,https://example.com/asset-0719
CT0720,Asset 0720,blog,GenAI,https://example.com/asset-0720
CT0721,Asset 0721,ebook,IoT Security,https://example.com/asset-0721
CT0722,Asset 0722,blog,SaaS Ops,https://example.com/asset-0722
CT0723,Asset 0723,landing_page,Edge AI,https://example.com/asset-0723
CT0724,Asset 0724,case_study,Data Security,https://example.com/asset-0724
CT0725,Asset 0725,ebook,SaaS Ops,https://example.com/asset-0725
CT0726,Asset 0726,webpage,Zero Trust,https://example.com/asset-0726
CT0727,Asset 0727,landing_page,Data Security,https://example.com/asset-0727
CT0728,Asset 0728,video,MLOps,https://example.com/asset-0728
CT0729,Asset 0729,webpage,SaaS Ops,https://example.com/asset-0729
CT0730,Asset 0730,case_study,Observability,https://example.com/asset-0730
CT0731,Asset 0731,datasheet,Data Security,https://example.com/asset-0731
CT0732,Asset 0732,webpage,SaaS Ops,https://example.com/asset-0732
CT0733,Asset 0733,ebook,Cloud Migration,https://example.com/asset-0733
CT0734,Asset 0734,email_template,Cloud Migration,https://example.com/asset-0734
CT0735,Asset 0735,email_template,Backup,https://example.com/asset-0735
CT0736,Asset 0736,landing_page,Backup,https://example.com/asset-0736
CT0737,Asset 0737,email_template,MLOps,https://example.com/asset-0737
CT0738,Asset 0738,whitepaper,Cloud Migration,https://example.com/asset-0738
CT0739,Asset 0739,whitepaper,Observability,https://example.com/asset-0739
CT0740,Asset 0740,case_study,IoT Security,https://example.com/asset-0740
CT0741,Asset 0741,webpage,MLOps,https://example.com/asset-0741
CT0742,Asset 0742,landing_page,Edge AI,https://example.com/asset-0742
CT0743,Asset 0743,case_study,DevSecOps,https://example.com/asset-0743
CT0744,Asset 0744,webpage,Cloud Migration,https://example.com/asset-0744
CT0745,Asset 0745,case_study,SaaS Ops,https://example.com/asset-0745
CT0746,Asset 0746,email_template,Zero Trust,https://example.com/asset-0746
CT0747,Asset 0747,case_study,Cloud Migration,https://example.com/asset-0747
CT0748,Asset 0748,webpage,Zero Trust,https://example.com/asset-0748
CT0749,Asset 0749,video,MLOps,https://example.com/asset-0749
CT0750,Asset 0750,template,Zero Trust,https://example.com/asset-0750
CT0751,Asset 0751,datasheet,GenAI,https://example.com/asset-0751
CT0752,Asset 0752,whitepaper,Zero Trust,https://example.com/asset-0752
CT0753,Asset 0753,email_template,Data Security,https://example.com/asset-0753
CT0754,Asset 0754,email_template,IoT Security,https://example.com/asset-0754
CT0755,Asset 0755,video,Data Security,https://example.com/asset-0755
CT0756,Asset 0756,email_template,IoT Security,https://example.com/asset-0756
CT0757,Asset 0757,email_template,Observability,https://example.com/asset-0757
CT0758,Asset 0758,blog,Kubernetes,https://example.com/asset-0758
CT0759,Asset 0759,case_study,Zero Trust,https://example.com/asset-0759
CT0760,Asset 0760,webpage,IoT Security,https://example.com/asset-0760
CT0761,Asset 0761,case_study,Zero Trust,https://example.com/asset-0761
CT0762,Asset 0762,video,Observability,https://example.com/asset-0762
CT0763,Asset 0763,whitepaper,MLOps,https://example.com/asset-0763
CT0764,Asset 0764,webpage,Kubernetes,https://example.com/asset-0764
CT0765,Asset 0765,datasheet,Cloud Migration,https://example.com/asset-0765
CT0766,Asset 0766,ebook,DevSecOps,https://example.com/asset-0766
CT0767,Asset 0767,blog,Backup,https://example.com/asset-0767
CT0768,Asset 0768,template,Edge AI,https://example.com/asset-0768
CT0769,Asset 0769,template,Zero Trust,https://example.com/asset-0769
CT0770,Asset 0770,landing_page,Data Security,https://example.com/asset-0770
CT0771,Asset 0771,landing_page,DevSecOps,https://example.com/asset-0771
CT0772,Asset 0772,template,MLOps,https://example.com/asset-0772
CT0773,Asset 0773,whitepaper,Observability,https://example.com/asset-0773
CT0774,Asset 0774,template,IoT Security,https://example.com/asset-0774
CT0775,Asset 0775,blog,MLOps,https://example.com/asset-0775
CT0776,Asset 0776,ebook,Backup,https://example.com/asset-0776
CT0777,Asset 0777,landing_page,DevSecOps,https://example.com/asset-0777
CT0778,Asset 0778,case_study,Cloud Migration,https://example.com/asset-0778
CT0779,Asset 0779,case_study,Data Security,https://example.com/asset-0779
CT0780,Asset 0780,blog,Zero Trust,https://example.com/asset-0780
CT0781,Asset 0781,datasheet,MLOps,https://example.com/asset-0781
CT0782,Asset 0782,template,Kubernetes,https://example.com/asset-0782
CT0783,Asset 0783,ebook,Data Security,https://example.com/asset-0783
CT0784,Asset 0784,landing_page,Zero Trust,https://example.com/asset-0784
CT0785,Asset 0785,email_template,Backup,https://example.com/asset-0785
CT0786,Asset 0786,case_study,Cloud Migration,https://example.com/asset-0786
CT0787,Asset 0787,datasheet,GenAI,https://example.com/asset-0787
CT0788,Asset 0788,landing_page,MLOps,https://example.com/asset-0788
CT0789,Asset 0789,ebook,GenAI,https://example.com/asset-0789
CT0790,Asset 0790,landing_page,SaaS Ops,https://example.com/asset-0790
CT0791,Asset 0791,video,Observability,https://example.com/asset-0791
CT0792,Asset 0792,video,SaaS Ops,https://example.com/asset-0792
CT0793,Asset 0793,video,Zero Trust,https://example.com/asset-0793
CT0794,Asset 0794,landing_page,Observability,https://example.com/asset-0794
CT0795,Asset 0795,webpage,Backup,https://example.com/asset-0795
CT0796,Asset 0796,email_template,Observability,https://example.com/asset-0796
CT0797,Asset 0797,landing_page,Edge AI,https://example.com/asset-0797
CT0798,Asset 0798,email_template,Kubernetes,https://example.com/asset-0798
CT0799,Asset 0799,video,DevSecOps,https://example.com/asset-0799
CT0800,Asset 0800,case_study,Backup,https://example.com/asset-0800
CT0801,Asset 0801,email_template,Kubernetes,https://example.com/asset-0801
CT0802,Asset 0802,whitepaper,MLOps,https://example.com/asset-0802
CT0803,Asset 0803,video,IoT Security,https://example.com/asset-0803
CT0804,Asset 0804,ebook,DevSecOps,https://example.com/asset-0804
CT0805,Asset 0805,whitepaper,IoT Security,https://example.com/asset-0805
CT0806,Asset 0806,landing_page,GenAI,https://example.com/asset-0806
CT0807,Asset 0807,ebook,Edge AI,https://example.com/asset-0807
CT0808,Asset 0808,whitepaper,SaaS Ops,https://example.com/asset-0808
CT0809,Asset 0809,datasheet,GenAI,https://example.com/asset-0809
CT0810,Asset 0810,datasheet,Cloud Migration,https://example.com/asset-0810
CT0811,Asset 0811,datasheet,GenAI,https://example.com/asset-0811
CT0812,Asset 0812,email_template,Backup,https://example.com/asset-0812
CT0813,Asset 0813,webpage,GenAI,https://example.com/asset-0813
CT0814,Asset 0814,email_template,Zero Trust,https://example.com/asset-0814
CT0815,Asset 0815,webpage,Backup,https://example.com/asset-0815
CT0816,Asset 0816,template,Observability,https://example.com/asset-0816
CT0817,Asset 0817,case_study,DevSecOps,https://example.com/asset-0817
CT0818,Asset 0818,ebook,DevSecOps,https://example.com/asset-0818
CT0819,Asset 0819,email_template,Kubernetes,https://example.com/asset-0819
CT0820,Asset 0820,datasheet,Kubernetes,https://example.com/asset-0820
CT0821,Asset 0821,template,Cloud Migration,https://example.com/asset-0821
CT0822,Asset 0822,email_template,DevSecOps,https://example.com/asset-0822
CT0823,Asset 0823,webpage,SaaS Ops,https://example.com/asset-0823
CT0824,Asset 0824,whitepaper,MLOps,https://example.com/asset-0824
CT0825,Asset 0825,video,DevSecOps,https://example.com/asset-0825
CT0826,Asset 0826,whitepaper,Backup,https://example.com/asset-0826
CT0827,Asset 0827,template,Cloud Migration,https://example.com/asset-0827
CT0828,Asset 0828,datasheet,Edge AI,https://example.com/asset-0828
CT0829,Asset 0829,whitepaper,GenAI,https://example.com/asset-0829
CT0830,Asset 0830,blog,Edge AI,https://example.com/asset-0830
CT0831,Asset 0831,landing_page,MLOps,https://example.com/asset-0831
CT0832,Asset 0832,case_study,GenAI,https://example.com/asset-0832
CT0833,Asset 0833,case_study,Backup,https://example.com/asset-0833
CT0834,Asset 0834,whitepaper,Kubernetes,https://example.com/asset-0834
CT0835,Asset 0835,datasheet,Zero Trust,https://example.com/asset-0835
CT0836,Asset 0836,webpage,Kubernetes,https://example.com/asset-0836
CT0837,Asset 0837,video,Zero Trust,https://example.com/asset-0837
CT0838,Asset 0838,ebook,Observability,https://example.com/asset-0838
CT0839,Asset 0839,email_template,Kubernetes,https://example.com/asset-0839
CT0840,Asset 0840,template,Zero Trust,https://example.com/asset-0840
CT0841,Asset 0841,datasheet,Backup,https://example.com/asset-0841
CT0842,Asset 0842,case_study,MLOps,https://example.com/asset-0842
CT0843,Asset 0843,datasheet,GenAI,https://example.com/asset-0843
CT0844,Asset 0844,template,Kubernetes,https://example.com/asset-0844
CT0845,Asset 0845,whitepaper,Observability,https://example.com/asset-0845
CT0846,Asset 0846,landing_page,Observability,https://example.com/asset-0846
CT0847,Asset 0847,whitepaper,SaaS Ops,https://example.com/asset-0847
CT0848,Asset 0848,email_template,GenAI,https://example.com/asset-0848
CT0849,Asset 0849,webpage,Kubernetes,https://example.com/asset-0849
CT0850,Asset 0850,whitepaper,Backup,https://example.com/asset-0850
CT0851,Asset 0851,ebook,Observability,https://example.com/asset-0851
CT0852,Asset 0852,blog,Edge AI,https://example.com/asset-0852
CT0853,Asset 0853,template,Observability,https://example.com/asset-0853
CT0854,Asset 0854,blog,MLOps,https://example.com/asset-0854
CT0855,Asset 0855,email_template,IoT Security,https://example.com/asset-0855
CT0856,Asset 0856,datasheet,SaaS Ops,https://example.com/asset-0856
CT0857,Asset 0857,whitepaper,Edge AI,https://example.com/asset-0857
CT0858,Asset 0858,template,GenAI,https://example.com/asset-0858
CT0859,Asset 0859,video,SaaS Ops,https://example.com/asset-0859
CT0860,Asset 0860,case_study,Observability,https://example.com/asset-0860
CT0861,Asset 0861,landing_page,Cloud Migration,https://example.com/asset-0861
CT0862,Asset 0862,email_template,Cloud Migration,https://example.com/asset-0862
CT0863,Asset 0863,email_template,Data Security,https://example.com/asset-0863
CT0864,Asset 0864,blog,Edge AI,https://example.com/asset-0864
CT0865,Asset 0865,blog,Cloud Migration,https://example.com/asset-0865
CT0866,Asset 0866,ebook,SaaS Ops,https://example.com/asset-0866
CT0867,Asset 0867,template,Zero Trust,https://example.com/asset-0867
CT0868,Asset 0868,template,Observability,https://example.com/asset-0868
CT0869,Asset 0869,email_template,SaaS Ops,https://example.com/asset-0869
CT0870,Asset 0870,landing_page,Kubernetes,https://example.com/asset-0870
CT0871,Asset 0871,blog,GenAI,https://example.com/asset-0871
CT0872,Asset 0872,blog,IoT Security,https://example.com/asset-0872
CT0873,Asset 0873,blog,MLOps,https://example.com/asset-0873
CT0874,Asset 0874,whitepaper,SaaS Ops,https://example.com/asset-0874
CT0875,Asset 0875,ebook,IoT Security,https://example.com/asset-0875
CT0876,Asset 0876,email_template,Observability,https://example.com/asset-0876
CT0877,Asset 0877,datasheet,Cloud Migration,https://example.com/asset-0877
CT0878,Asset 0878,webpage,MLOps,https://example.com/asset-0878
CT0879,Asset 0879,template,SaaS Ops,https://example.com/asset-0879
CT0880,Asset 0880,datasheet,DevSecOps,https://example.com/asset-0880
CT0881,Asset 0881,ebook,DevSecOps,https://example.com/asset-0881
CT0882,Asset 0882,landing_page,GenAI,https://example.com/asset-0882
CT0883,Asset 0883,email_template,GenAI,https://example.com/asset-0883
CT0884,Asset 0884,email_template,GenAI,https://example.com/asset-0884
CT0885,Asset 0885,blog,Data Security,https://example.com/asset-0885
CT0886,Asset 0886,blog,Backup,https://example.com/asset-0886
CT0887,Asset 0887,case_study,SaaS Ops,https://example.com/asset-0887
CT0888,Asset 0888,ebook,DevSecOps,https://example.com/asset-0888
CT0889,Asset 0889,whitepaper,DevSecOps,https://example.com/asset-0889
CT0890,Asset 0890,datasheet,Data Security,https://example.com/asset-0890
CT0891,Asset 0891,blog,Zero Trust,https://example.com/asset-0891
CT0892,Asset 0892,blog,Data Security,https://example.com/asset-0892
CT0893,Asset 0893,landing_page,MLOps,https://example.com/asset-0893
CT0894,Asset 0894,whitepaper,Observability,https://example.com/asset-0894
CT0895,Asset 0895,video,MLOps,https://example.com/asset-0895
CT0896,Asset 0896,blog,Data Security,https://example.com/asset-0896
CT0897,Asset 0897,webpage,GenAI,https://example.com/asset-0897
CT0898,Asset 0898,landing_page,Observability,https://example.com/asset-0898
CT0899,Asset 0899,email_template,IoT Security,https://example.com/asset-0899
CT0900,Asset 0900,template,DevSecOps,https://example.com/asset-0900
